波长,Blue,Green,Red,Warm White,Cold White
380(mW/m2/nm),0.000000000000000000,0.000000000000000000,0.000000000000000000,0.000000000000000000,0.021608529432716700
381(mW/m2/nm),0.001834862385321100,0.000000000000000000,0.000000000000000000,0.000000000000000000,0.016859402084866900
382(mW/m2/nm),0.005504587155963300,0.000000000000000000,0.000000000000000000,0.000000000000000000,0.011872818369624600
383(mW/m2/nm),0.002752293577981650,0.000000000000000000,0.000000000000000000,0.000000000000000000,0.027544938617529000
384(mW/m2/nm),0.000000000000000000,0.000000000000000000,0.000000000000000000,0.000000000000000000,0.029682045924061500
385(mW/m2/nm),0.000000000000000000,0.000000000000000000,0.000000000000000000,0.000000000000000000,0.036093367843658700
386(mW/m2/nm),0.000000000000000000,0.000000000000000000,0.000000000000000000,0.000000000000000000,0.019471422126184300
387(mW/m2/nm),0.000917431192660551,0.000000000000000000,0.000000000000000000,0.000000000000000000,0.018759053024006800
388(mW/m2/nm),0.003669724770642200,0.000000000000000000,0.000000000000000000,0.000000000000000000,0.027307482250136500
389(mW/m2/nm),0.006422018348623850,0.000000000000000000,0.000000000000000000,0.000000000000000000,0.016147032982689400
390(mW/m2/nm),0.009174311926605510,0.000000000000000000,0.000000000000000000,0.000000000000000000,0.023033267637071700
391(mW/m2/nm),0.006422018348623850,0.000000000000000000,0.000000000000000000,0.000000000000000000,0.019708878493576800
392(mW/m2/nm),0.002752293577981650,0.000000000000000000,0.000000000000000000,0.000000000000000000,0.015197207513119500
393(mW/m2/nm),0.002752293577981650,0.000000000000000000,0.000000000000000000,0.000000000000000000,0.012822643839194600
394(mW/m2/nm),0.006422018348623850,0.000000000000000000,0.000000000000000000,0.000000000000000000,0.015434663880512000
395(mW/m2/nm),0.010091743119266100,0.000000000000000000,0.000000000000000000,0.000000000000000000,0.014247382043549500
396(mW/m2/nm),0.015596330275229400,0.000000000000000000,0.000000000000000000,0.000000000000000000,0.017809227554436900
397(mW/m2/nm),0.021100917431192700,0.000000000000000000,0.000000000000000000,0.000000000000000000,0.016859402084866900
398(mW/m2/nm),0.027522935779816500,0.000000000000000000,0.000000000000000000,0.000000000000000000,0.012822643839194600
399(mW/m2/nm),0.037614678899082600,0.000000000000000000,0.000000000000000000,0.000000000000000000,0.016384489350081900
400(mW/m2/nm),0.046788990825688100,0.000000000000000000,0.000000000000000000,0.000000000000000000,0.016147032982689400
401(mW/m2/nm),0.066972477064220200,0.000000000000000000,0.000000000000000000,0.000847996608013568,0.015909576615296900
402(mW/m2/nm),0.094495412844036700,0.000000000000000000,0.000000000000000000,0.001695993216027140,0.016859402084866900
403(mW/m2/nm),0.121100917431193000,0.000000000000000000,0.000000000000000000,0.000000000000000000,0.018759053024006800
404(mW/m2/nm),0.175229357798165000,0.000000000000000000,0.000000000000000000,0.001695993216027140,0.020183791228361800
405(mW/m2/nm),0.228440366972477000,0.000000000000000000,0.000000000000000000,0.001271994912020350,0.019946334860969300
406(mW/m2/nm),0.300917431192661000,0.000000000000000000,0.000000000000000000,0.004239983040067840,0.022558354902286700
407(mW/m2/nm),0.403669724770642000,0.000000000000000000,0.000000000000000000,0.003815984736061060,0.021845985800109200
408(mW/m2/nm),0.506422018348624000,0.000000000000000000,0.000000000000000000,0.007631969472122110,0.026595113147959100
409(mW/m2/nm),0.665137614678899000,0.000000000000000000,0.000000000000000000,0.007631969472122110,0.030631871393631400
410(mW/m2/nm),0.839449541284404000,0.000000000000000000,0.000000000000000000,0.010599957600169600,0.033006435067556300
411(mW/m2/nm),1.027522935779820000,0.000000000000000000,0.000000000000000000,0.011871952512190000,0.038705387884976100
412(mW/m2/nm),1.293577981651380000,0.000000000000000000,0.000000000000000000,0.014415942336230700,0.040367582456723600
413(mW/m2/nm),1.550458715596330000,0.000000000000000000,0.000000000000000000,0.014839940640237400,0.046541448008928400
414(mW/m2/nm),1.880733944954130000,0.000000000000000000,0.000000000000000000,0.020351918592325600,0.052715313561133100
415(mW/m2/nm),2.220183486238530000,0.000000000000000000,0.000000000000000000,0.022895908416366300,0.064588131930757700
416(mW/m2/nm),2.568807339449540000,0.000000000000000000,0.000000000000000000,0.026711893152427400,0.072186735687317500
417(mW/m2/nm),3.082568807339450000,0.000000000000000000,0.000000000000000000,0.035615857536569900,0.085484292261297000
418(mW/m2/nm),3.623853211009170000,0.000000000000000000,0.000000000000000000,0.038583845664617300,0.096882197896136600
419(mW/m2/nm),4.238532110091740000,0.000000000000000000,0.000000000000000000,0.047911808352766600,0.112079405409256000
420(mW/m2/nm),4.899082568807340000,0.000000000000000000,0.000000000000000000,0.054695781216875100,0.127988982024553000
421(mW/m2/nm),5.568807339449540000,0.000000000000000000,0.000000000000000000,0.056391774432902300,0.145323296844205000
422(mW/m2/nm),6.330275229357800000,0.000000000000000000,0.000000000000000000,0.072503709985160100,0.165032175337782000
423(mW/m2/nm),7.110091743119270000,0.000000000000000000,0.000000000000000000,0.078015687937248300,0.189727637546601000
424(mW/m2/nm),7.844036697247710000,0.000000000000000000,0.000000000000000000,0.090735637057451800,0.217035119796737000
425(mW/m2/nm),8.467889908256880000,0.000000000000000000,0.000000000000000000,0.108967564129743000,0.248141903925154000
426(mW/m2/nm),9.091743119266050000,0.000000000000000000,0.000000000000000000,0.119143523425906000,0.285422553605775000
427(mW/m2/nm),9.449541284403670000,0.000000000000000000,0.000000000000000000,0.142039431842273000,0.324127941490751000
428(mW/m2/nm),9.724770642201830000,0.000000000000000000,0.000000000000000000,0.154759380962476000,0.373756322275782000
429(mW/m2/nm),10.000000000000000000,0.000000000000000000,0.000000000000000000,0.179351282594870000,0.425046897632560000
430(mW/m2/nm),9.908256880733940000,0.000000000000000000,0.000000000000000000,0.203095187619250000,0.485123358582860000
431(mW/m2/nm),9.724770642201830000,0.000000000000000000,0.000000000000000000,0.228959084163663000,0.551373685085366000
432(mW/m2/nm),9.357798165137610000,0.000000000000000000,0.000000000000000000,0.261606953572186000,0.631396480896635000
433(mW/m2/nm),8.834862385321100000,0.000000000000000000,0.000000000000000000,0.291710833156667000,0.720917531403605000
434(mW/m2/nm),8.284403669724770000,0.000000000000000000,0.000000000000000000,0.329870680517278000,0.819461923871489000
435(mW/m2/nm),7.587155963302750000,0.000000000000000000,0.000000000000000000,0.373542505829977000,0.947925818630827000
436(mW/m2/nm),6.908256880733950000,0.000000000000000000,0.000000000000000000,0.423574305702777000,1.093961484577210000
437(mW/m2/nm),6.247706422018350000,0.000000000000000000,0.000000000000000000,0.481238075047700000,1.245221190606230000
438(mW/m2/nm),5.642201834862380000,0.000000000000000000,0.000000000000000000,0.543989824040704000,1.425925486191910000
439(mW/m2/nm),5.036697247706420000,0.000000000000000000,0.000000000000000000,0.618613525545898000,1.635836914966870000
440(mW/m2/nm),4.559633027522940000,0.000000000000000000,0.000000000000000000,0.697477210091160000,1.866169591337590000
441(mW/m2/nm),4.100917431192660000,0.000000000000000000,0.000000000000000000,0.780580877676489000,2.124759575428020000
442(mW/m2/nm),3.688073394495410000,0.000000000000000000,0.000000000000000000,0.890820436718253000,2.446512953244840000
443(mW/m2/nm),3.330275229357800000,0.000000000000000000,0.000000000000000000,1.007419970320120000,2.812195759029280000
444(mW/m2/nm),2.981651376146790000,0.000000000000000000,0.000000000000000000,1.149459402162390000,3.224182556455250000
445(mW/m2/nm),2.669724770642200000,0.000000000000000000,0.000000000000000000,1.304642781428870000,3.703369505853300000
446(mW/m2/nm),2.376146788990830000,0.000000000000000000,0.000000000000000000,1.491626033495870000,4.263529076532190000
447(mW/m2/nm),2.100917431192660000,0.012738853503184700,0.000000000000000000,1.695569217723130000,4.895637926531000000
448(mW/m2/nm),1.871559633027520000,0.019108280254777100,0.000000000000000000,1.929616281534870000,5.600883337686700000
449(mW/m2/nm),1.651376146788990000,0.025477707006369400,0.000000000000000000,2.179775280898880000,6.355994585994820000
450(mW/m2/nm),1.477064220183490000,0.025477707006369400,0.000000000000000000,2.445198219207120000,7.148861396718350000
451(mW/m2/nm),1.302752293577980000,0.019108280254777100,0.000000000000000000,2.706381174475300000,7.932942321848360000
452(mW/m2/nm),1.146788990825690000,0.012738853503184700,0.000000000000000000,2.949332202671190000,8.645548880393230000
453(mW/m2/nm),1.027522935779820000,0.012738853503184700,0.000000000000000000,3.157939368242530000,9.252962268183220000
454(mW/m2/nm),0.905504587155963000,0.012738853503184700,0.000000000000000000,3.319058723765110000,9.726450264763850000
455(mW/m2/nm),0.810091743119266000,0.019108280254777100,0.000000000000000000,3.411914352342590000,9.961057155747630000
456(mW/m2/nm),0.722018348623853000,0.025477707006369400,0.000000000000000000,3.437778248887000000,10.000000000000000000
457(mW/m2/nm),0.642201834862385000,0.025477707006369400,0.000000000000000000,3.388594445622220000,9.780590316529340000
458(mW/m2/nm),0.582568807339449000,0.025477707006369400,0.000000000000000000,3.268178927284290000,9.407546363355730000
459(mW/m2/nm),0.524770642201835000,0.019108280254777100,0.000000000000000000,3.086707653169390000,8.881105596846580000
460(mW/m2/nm),0.471559633027523000,0.025477707006369400,0.000000000000000000,2.889972440110240000,8.272742383587020000
461(mW/m2/nm),0.422018348623853000,0.031847133757961800,0.000000000000000000,2.672885308458770000,7.650369244651300000
462(mW/m2/nm),0.376146788990826000,0.031847133757961800,0.000000000000000000,2.488870044519820000,7.072875359152760000
463(mW/m2/nm),0.341284403669725000,0.038216560509554100,0.000000000000000000,2.322662709349160000,6.541210552560970000
464(mW/m2/nm),0.307339449541284000,0.038216560509554100,0.000000000000000000,2.177655289378840000,6.089805998147840000
465(mW/m2/nm),0.276146788990826000,0.038216560509554100,0.000000000000000000,2.054271782912870000,5.717236957709020000
466(mW/m2/nm),0.245871559633028000,0.038216560509554100,0.000000000000000000,1.961840152639390000,5.429914753164110000
467(mW/m2/nm),0.218348623853211000,0.044585987261146500,0.000000000000000000,1.902056391774430000,5.203143922304280000
468(mW/m2/nm),0.197247706422018000,0.057324840764331200,0.000000000000000000,1.842272630909480000,4.988720822548860000
469(mW/m2/nm),0.177064220183486000,0.076433121019108300,0.000000000000000000,1.785880856476570000,4.820839170802370000
470(mW/m2/nm),0.159633027522936000,0.089171974522293000,0.000000000000000000,1.732457070171720000,4.634910835134040000
471(mW/m2/nm),0.143119266055046000,0.095541401273885300,0.000000000000000000,1.678609285562860000,4.447082848526580000
472(mW/m2/nm),0.130275229357798000,0.108280254777070000,0.000000000000000000,1.619249523001910000,4.235034312445090000
473(mW/m2/nm),0.122018348623853000,0.121019108280255000,0.000000000000000000,1.552681789272840000,4.007076199748300000
474(mW/m2/nm),0.113761467889908000,0.140127388535032000,0.000000000000000000,1.470426118295530000,3.785766865338490000
475(mW/m2/nm),0.104587155963303000,0.165605095541401000,0.000000000000000000,1.392410430358280000,3.553534538028640000
476(mW/m2/nm),0.095412844036697200,0.197452229299363000,0.000000000000000000,1.317362730549080000,3.336736874599290000
477(mW/m2/nm),0.087155963302752300,0.229299363057325000,0.000000000000000000,1.251218995124020000,3.140360458765700000
478(mW/m2/nm),0.080733944954128400,0.254777070063694000,0.000000000000000000,1.181683273266910000,2.965117659630040000
479(mW/m2/nm),0.074311926605504600,0.280254777070064000,0.000000000000000000,1.131651473394110000,2.806734262579250000
480(mW/m2/nm),0.068807339449541300,0.318471337579618000,0.000000000000000000,1.088827644689420000,2.676845629615560000
481(mW/m2/nm),0.063302752293578000,0.356687898089172000,0.000000000000000000,1.059147763408950000,2.581150713556380000
482(mW/m2/nm),0.058715596330275200,0.401273885350318000,0.000000000000000000,1.041763832944670000,2.519174601666940000
483(mW/m2/nm),0.054128440366972500,0.445859872611465000,0.000000000000000000,1.032011871952510000,2.471208415453660000
484(mW/m2/nm),0.049541284403669700,0.496815286624204000,0.000000000000000000,1.027771888912440000,2.445088215040490000
485(mW/m2/nm),0.043119266055045900,0.573248407643312000,0.000000000000000000,1.025227899088400000,2.419442927362100000
486(mW/m2/nm),0.037614678899082600,0.643312101910828000,0.000000000000000000,1.036251854992580000,2.420155296464280000
487(mW/m2/nm),0.034862385321100900,0.719745222929936000,0.000000000000000000,1.049395802416790000,2.416118538218600000
488(mW/m2/nm),0.035779816513761500,0.802547770700637000,0.000000000000000000,1.061691753232990000,2.423242229240380000
489(mW/m2/nm),0.036697247706422000,0.891719745222930000,0.000000000000000000,1.082467670129320000,2.428703725690400000
490(mW/m2/nm),0.034862385321100900,1.012738853503180000,0.000000000000000000,1.107059571761710000,2.447700235081800000
491(mW/m2/nm),0.033027522935779800,1.133757961783440000,0.000000000000000000,1.125715497138010000,2.461472704390570000
492(mW/m2/nm),0.033027522935779800,1.273885350318470000,0.000000000000000000,1.150731397074410000,2.480231757414580000
493(mW/m2/nm),0.033944954128440400,1.426751592356690000,0.000000000000000000,1.182531269874920000,2.508726521501670000
494(mW/m2/nm),0.033944954128440400,1.585987261146500000,0.000000000000000000,1.215603137587450000,2.541495500201840000
495(mW/m2/nm),0.029357798165137600,1.777070063694270000,0.000000000000000000,1.250370998516010000,2.578063780780280000
496(mW/m2/nm),0.024770642201834900,1.961783439490450000,0.000000000000000000,1.294890820436720000,2.609408021276090000
497(mW/m2/nm),0.023853211009174300,2.171974522292990000,0.000000000000000000,1.344074623701510000,2.661173509367650000
498(mW/m2/nm),0.024770642201834900,2.382165605095540000,0.000000000000000000,1.400466398134410000,2.704153111865700000
499(mW/m2/nm),0.024770642201834900,2.617834394904460000,0.000000000000000000,1.455586177655290000,2.765891767387740000
500(mW/m2/nm),0.022935779816513800,2.885350318471340000,0.000000000000000000,1.507313970744120000,2.819556906418450000
501(mW/m2/nm),0.020183486238532100,3.152866242038220000,0.000000000000000000,1.574729701081200000,2.882007931042670000
502(mW/m2/nm),0.021100917431192700,3.496815286624200000,0.000000000000000000,1.638753444986220000,2.939947284686440000
503(mW/m2/nm),0.022018348623853200,3.840764331210190000,0.000000000000000000,1.710409158363370000,3.011659107638970000
504(mW/m2/nm),0.021100917431192700,4.203821656050960000,0.000000000000000000,1.776976892092430000,3.067223897608820000
505(mW/m2/nm),0.021100917431192700,4.566878980891720000,0.000000000000000000,1.845664617341530000,3.129674922233040000
506(mW/m2/nm),0.020183486238532100,4.929936305732480000,0.000000000000000000,1.918168327326690000,3.189039014081160000
507(mW/m2/nm),0.021100917431192700,5.350318471337580000,0.000000000000000000,1.997032011871950000,3.254102058746710000
508(mW/m2/nm),0.022018348623853200,5.770700636942680000,0.000000000000000000,2.061479754080980000,3.307529741410020000
509(mW/m2/nm),0.021100917431192700,6.191082802547770000,0.000000000000000000,2.139071443714220000,3.360245054971150000
510(mW/m2/nm),0.018348623853211000,6.624203821656050000,0.000000000000000000,2.208607165571340000,3.413435281267070000
511(mW/m2/nm),0.017431192660550500,7.006369426751590000,0.000000000000000000,2.269662921348310000,3.471612091278230000
512(mW/m2/nm),0.017431192660550500,7.452229299363060000,0.000000000000000000,2.336230655077380000,3.514591693776270000
513(mW/m2/nm),0.018348623853211000,7.898089171974520000,0.000000000000000000,2.409158363366550000,3.566594638235220000
514(mW/m2/nm),0.016513761467889900,8.280254777070060000,0.000000000000000000,2.469790120839520000,3.611236435305010000
515(mW/m2/nm),0.015596330275229400,8.662420382165600000,0.000000000000000000,2.541445834216660000,3.657065514211760000
516(mW/m2/nm),0.017431192660550500,8.980891719745220000,0.000000000000000000,2.604197583209670000,3.691496687483680000
517(mW/m2/nm),0.022018348623853200,9.299363057324840000,0.000000000000000000,2.677125291498830000,3.735426115451290000
518(mW/m2/nm),0.024770642201834900,9.554140127388540000,0.000000000000000000,2.734365062539750000,3.774843872438440000
519(mW/m2/nm),0.023853211009174300,9.745222929936310000,0.000000000000000000,2.794996820012720000,3.813311803956020000
520(mW/m2/nm),0.022935779816513800,9.936305732484080000,0.000000000000000000,2.856476574093700000,3.847268064493150000
521(mW/m2/nm),0.021100917431192700,10.000000000000000000,0.000000000000000000,2.921772312910750000,3.876950110417210000
522(mW/m2/nm),0.019266055045871600,10.000000000000000000,0.000000000000000000,2.976892092431630000,3.911381283689120000
523(mW/m2/nm),0.018348623853211000,10.000000000000000000,0.000000000000000000,3.030315878736490000,3.941300785980580000
524(mW/m2/nm),0.016513761467889900,9.872611464968150000,0.000000000000000000,3.089675641297440000,3.975494502885100000
525(mW/m2/nm),0.015596330275229400,9.745222929936310000,0.000000000000000000,3.145219419122320000,3.989741884928640000
526(mW/m2/nm),0.016513761467889900,9.617834394904460000,0.000000000000000000,3.214331142675430000,4.028684729181010000
527(mW/m2/nm),0.016513761467889900,9.426751592356690000,0.000000000000000000,3.262666949332200000,4.041507373020210000
528(mW/m2/nm),0.018348623853211000,9.171974522292990000,0.000000000000000000,3.322874708501170000,4.074276351720370000
529(mW/m2/nm),0.021100917431192700,8.917197452229300000,0.000000000000000000,3.380962476150100000,4.101583833970510000
530(mW/m2/nm),0.022935779816513800,8.598726114649680000,0.000000000000000000,3.430146279414880000,4.113931565074920000
531(mW/m2/nm),0.023853211009174300,8.343949044585990000,0.000000000000000000,3.481874072503710000,4.130316054425000000
532(mW/m2/nm),0.023853211009174300,8.025477707006370000,0.000000000000000000,3.533177867288530000,4.157148623940350000
533(mW/m2/nm),0.022018348623853200,7.707006369426750000,0.000000000000000000,3.591689633241470000,4.175432764229570000
534(mW/m2/nm),0.019266055045871600,7.324840764331210000,0.000000000000000000,3.644265422938310000,4.199890770071000000
535(mW/m2/nm),0.018348623853211000,7.006369426751590000,0.000000000000000000,3.704473182107270000,4.213188326644980000
536(mW/m2/nm),0.017431192660550500,6.687898089171980000,0.000000000000000000,3.751112995548020000,4.226010970484170000
537(mW/m2/nm),0.016513761467889900,6.343949044585990000,0.000000000000000000,3.807080771676910000,4.239783439792940000
538(mW/m2/nm),0.015596330275229400,6.044585987261150000,0.000000000000000000,3.860504557981770000,4.257117754612590000
539(mW/m2/nm),0.015596330275229400,5.745222929936310000,0.000000000000000000,3.913504345982620000,4.267328378410470000
540(mW/m2/nm),0.014678899082568800,5.471337579617840000,0.000000000000000000,3.967352130591480000,4.280863391351840000
541(mW/m2/nm),0.014678899082568800,5.197452229299360000,0.000000000000000000,4.027559889760440000,4.282763042290980000
542(mW/m2/nm),0.012844036697247700,4.929936305732480000,0.000000000000000000,4.082255670977320000,4.300097357110630000
543(mW/m2/nm),0.010091743119266100,4.656050955414010000,0.000000000000000000,4.140767436930250000,4.314107282786790000
544(mW/m2/nm),0.009174311926605510,4.407643312101910000,0.000000000000000000,4.195039219843120000,4.330254315769480000
545(mW/m2/nm),0.009174311926605510,4.171974522292990000,0.000000000000000000,4.260758956964170000,4.338090375893430000
546(mW/m2/nm),0.011009174311926600,3.936305732484080000,0.000000000000000000,4.330294678821290000,4.349013368793480000
547(mW/m2/nm),0.015596330275229400,3.726114649681530000,0.000000000000000000,4.394318422726310000,4.346163892384770000
548(mW/m2/nm),0.021100917431192700,3.515923566878980000,0.000000000000000000,4.460038159847360000,4.354712321610900000
549(mW/m2/nm),0.018348623853211000,3.312101910828030000,0.000000000000000000,4.518125927496290000,4.371334267328380000
550(mW/m2/nm),0.014678899082568800,3.114649681528660000,0.000000000000000000,4.581301674793300000,4.375845938308840000
551(mW/m2/nm),0.012844036697247700,2.929936305732480000,0.000000000000000000,4.655925376298500000,4.385819105739320000
552(mW/m2/nm),0.014678899082568800,2.764331210191080000,0.000000000000000000,4.736061055755780000,4.393180253128490000
553(mW/m2/nm),0.015596330275229400,2.598726114649680000,0.000000000000000000,4.810260758956960000,4.393655165863270000
554(mW/m2/nm),0.015596330275229400,2.445859872611470000,0.000000000000000000,4.882764468942120000,4.401016313252440000
555(mW/m2/nm),0.016513761467889900,2.286624203821660000,0.000000000000000000,4.959508161967350000,4.404578158763330000
556(mW/m2/nm),0.013761467889908300,2.152866242038220000,0.000000000000000000,5.030739877040490000,4.402678507824190000
557(mW/m2/nm),0.011009174311926600,2.012738853503180000,0.000000000000000000,5.101547593809630000,4.407902547906820000
558(mW/m2/nm),0.008256880733944950,1.878980891719750000,0.000000000000000000,5.201187195251220000,4.413838957091630000
559(mW/m2/nm),0.003669724770642200,1.745222929936310000,0.000000000000000000,5.270298918804330000,4.409802198845960000
560(mW/m2/nm),0.002752293577981650,1.624203821656050000,0.000000000000000000,5.376298494806020000,4.413601500724240000
561(mW/m2/nm),0.006422018348623850,1.541401273885350000,0.000000000000000000,5.455586177655290000,4.412414218887280000
562(mW/m2/nm),0.010091743119266100,1.458598726114650000,0.000000000000000000,5.544625821496720000,4.416925889867740000
563(mW/m2/nm),0.008256880733944950,1.369426751592360000,0.000000000000000000,5.635361458554170000,4.414313869826420000
564(mW/m2/nm),0.006422018348623850,1.280254777070060000,0.047619047619047600,5.730337078651680000,4.401966138722010000
565(mW/m2/nm),0.006422018348623850,1.197452229299360000,0.047619047619047600,5.828704685181260000,4.404340702395940000
566(mW/m2/nm),0.005504587155963300,1.121019108280250000,0.047619047619047600,5.923256306974770000,4.398641749578520000
567(mW/m2/nm),0.008256880733944950,1.044585987261150000,0.047619047619047600,6.023743905024380000,4.397217011374160000
568(mW/m2/nm),0.012844036697247700,0.974522292993631000,0.047619047619047600,6.136103455586180000,4.395554816802410000
569(mW/m2/nm),0.014678899082568800,0.910828025477707000,0.047619047619047600,6.223023107907570000,4.393655165863270000
570(mW/m2/nm),0.009174311926605510,0.853503184713376000,0.047619047619047600,6.326478694085220000,4.378695414717550000
571(mW/m2/nm),0.004587155963302750,0.802547770700637000,0.047619047619047600,6.435022259910960000,4.381069978391470000
572(mW/m2/nm),0.006422018348623850,0.751592356687898000,0.047619047619047600,6.544837820648720000,4.371334267328380000
573(mW/m2/nm),0.007339449541284400,0.700636942675159000,0.047619047619047600,6.650837396650410000,4.361123643530500000
574(mW/m2/nm),0.007339449541284400,0.656050955414013000,0.047619047619047600,6.762772948908200000,4.354949777978300000
575(mW/m2/nm),0.007339449541284400,0.611464968152866000,0.047619047619047600,6.876828492686030000,4.342364590506500000
576(mW/m2/nm),0.006422018348623850,0.573248407643312000,0.095238095238095200,6.997668009327960000,4.349725737895660000
577(mW/m2/nm),0.004587155963302750,0.528662420382166000,0.095238095238095200,7.093491626033500000,4.327167382993370000
578(mW/m2/nm),0.002752293577981650,0.490445859872611000,0.095238095238095200,7.226627093491630000,4.310307980908510000
579(mW/m2/nm),0.003669724770642200,0.464968152866242000,0.142857142857143000,7.324994700021200000,4.306033766295440000
580(mW/m2/nm),0.003669724770642200,0.439490445859873000,0.142857142857143000,7.436082255670980000,4.287037256904040000
581(mW/m2/nm),0.001834862385321100,0.420382165605096000,0.142857142857143000,7.534449862200550000,4.278726284045310000
582(mW/m2/nm),0.000917431192660551,0.394904458598726000,0.190476190476190000,7.655289378842490000,4.263054163797400000
583(mW/m2/nm),0.004587155963302750,0.382165605095541000,0.190476190476190000,7.777400890396440000,4.243107828936430000
584(mW/m2/nm),0.008256880733944950,0.363057324840764000,0.238095238095238000,7.877888488446050000,4.235034312445090000
585(mW/m2/nm),0.005504587155963300,0.331210191082803000,0.285714285714286000,7.983464066143740000,4.221974212238500000
586(mW/m2/nm),0.000917431192660551,0.286624203821656000,0.285714285714286000,8.098367606529570000,4.202265333744920000
587(mW/m2/nm),0.000000000000000000,0.267515923566879000,0.333333333333333000,8.195463218147130000,4.179944435210030000
588(mW/m2/nm),0.000917431192660551,0.254777070063694000,0.380952380952381000,8.306126775492900000,4.163085033125160000
589(mW/m2/nm),0.000917431192660551,0.248407643312102000,0.428571428571428000,8.395166419334320000,4.144563436468550000
590(mW/m2/nm),0.000000000000000000,0.229299363057325000,0.476190476190476000,8.485902056391770000,4.120342886994520000
591(mW/m2/nm),0.000000000000000000,0.210191082802548000,0.523809523809524000,8.600381598473610000,4.102058746705290000
592(mW/m2/nm),0.000000000000000000,0.203821656050955000,0.571428571428571000,8.691117235531060000,4.079975304537790000
593(mW/m2/nm),0.000000000000000000,0.197452229299363000,0.666666666666667000,8.767860928556280000,4.060266426044210000
594(mW/m2/nm),0.000000000000000000,0.184713375796178000,0.714285714285714000,8.883612465550140000,4.036995702039750000
595(mW/m2/nm),0.000000000000000000,0.178343949044586000,0.809523809523809000,8.952724189103240000,4.015149716239640000
596(mW/m2/nm),0.000000000000000000,0.165605095541401000,0.904761904761905000,9.045155819376720000,3.993303730439530000
597(mW/m2/nm),0.004587155963302750,0.152866242038217000,1.047619047619050000,9.128683485266060000,3.971220288272030000
598(mW/m2/nm),0.005504587155963300,0.140127388535032000,1.142857142857140000,9.213907144371420000,3.943912806021890000
599(mW/m2/nm),0.004587155963302750,0.127388535031847000,1.285714285714290000,9.280898876404490000,3.916367867404360000
600(mW/m2/nm),0.003669724770642200,0.121019108280255000,1.476190476190480000,9.371634513461950000,3.898558639849930000
601(mW/m2/nm),0.002752293577981650,0.108280254777070000,1.666666666666670000,9.432690269238920000,3.874100634008500000
602(mW/m2/nm),0.001834862385321100,0.101910828025478000,1.857142857142860000,9.492050031799870000,3.847742977227930000
603(mW/m2/nm),0.001834862385321100,0.101910828025478000,2.095238095238100000,9.562009751960990000,3.823522427753900000
604(mW/m2/nm),0.000917431192660551,0.108280254777070000,2.333333333333330000,9.614585541657830000,3.804763374729890000
605(mW/m2/nm),0.000000000000000000,0.095541401273885300,2.666666666666670000,9.673521305914780000,3.769144919621020000
606(mW/m2/nm),0.000000000000000000,0.089171974522293000,2.952380952380950000,9.717617129531480000,3.744449457412200000
607(mW/m2/nm),0.000000000000000000,0.089171974522293000,3.333333333333330000,9.782912868348530000,3.714767411488140000
608(mW/m2/nm),0.004587155963302750,0.082802547770700600,3.666666666666670000,9.822768708925160000,3.686035191033650000
609(mW/m2/nm),0.003669724770642200,0.082802547770700600,4.095238095238090000,9.847360610557560000,3.660389903355260000
610(mW/m2/nm),0.000917431192660551,0.082802547770700600,4.523809523809520000,9.889336442654230000,3.631895139268160000
611(mW/m2/nm),0.000000000000000000,0.076433121019108300,5.047619047619050000,9.915624337502650000,3.605062569752810000
612(mW/m2/nm),0.000000000000000000,0.076433121019108300,5.571428571428570000,9.927920288318850000,3.568731745541760000
613(mW/m2/nm),0.000000000000000000,0.070063694267515900,6.142857142857140000,9.952936188255250000,3.539287155985090000
614(mW/m2/nm),0.000000000000000000,0.070063694267515900,6.761904761904760000,9.965656137375450000,3.503668700876210000
615(mW/m2/nm),0.000000000000000000,0.063694267515923600,7.333333333333330000,9.989400042399830000,3.471374634910840000
616(mW/m2/nm),0.000000000000000000,0.050955414012738900,7.952380952380950000,9.992368030527880000,3.439555481680240000
617(mW/m2/nm),0.000000000000000000,0.044585987261146500,8.523809523809520000,9.990248039007840000,3.401799919264840000
618(mW/m2/nm),0.000000000000000000,0.044585987261146500,9.047619047619050000,10.000000000000000000,3.369268396932060000
619(mW/m2/nm),0.000000000000000000,0.044585987261146500,9.523809523809520000,9.988552045791820000,3.333175029088410000
620(mW/m2/nm),0.000000000000000000,0.031847133757961800,9.761904761904760000,9.962264150943400000,3.296131835775180000
621(mW/m2/nm),0.000000000000000000,0.019108280254777100,10.000000000000000000,9.955056179775280000,3.265499964381550000
622(mW/m2/nm),0.000000000000000000,0.019108280254777100,9.904761904761900000,9.941488234047060000,3.228456771068320000
623(mW/m2/nm),0.000000000000000000,0.025477707006369400,9.857142857142860000,9.904176383294470000,3.190938665020300000
624(mW/m2/nm),0.000000000000000000,0.019108280254777100,9.428571428571430000,9.876192495230020000,3.156982404483180000
625(mW/m2/nm),0.000000000000000000,0.012738853503184700,8.952380952380950000,9.834640661437360000,3.120414123904730000
626(mW/m2/nm),0.000000000000000000,0.019108280254777100,8.190476190476190000,9.830824676701290000,3.086220407000210000
627(mW/m2/nm),0.000000000000000000,0.025477707006369400,7.428571428571430000,9.788000847996610000,3.046565193645670000
628(mW/m2/nm),0.000000000000000000,0.025477707006369400,6.619047619047620000,9.727793088827640000,3.006672523923730000
629(mW/m2/nm),0.000000000000000000,0.019108280254777100,5.761904761904760000,9.707865168539330000,2.966304941467010000
630(mW/m2/nm),0.000000000000000000,0.025477707006369400,5.000000000000000000,9.661225355098580000,2.934248331869020000
631(mW/m2/nm),0.000000000000000000,0.038216560509554100,4.190476190476190000,9.604409582361670000,2.890318903901410000
632(mW/m2/nm),0.000000000000000000,0.031847133757961800,3.523809523809520000,9.547169811320760000,2.847339301403370000
633(mW/m2/nm),0.000000000000000000,0.025477707006369400,2.952380952380950000,9.500529997880010000,2.810058651722750000
634(mW/m2/nm),0.000000000000000000,0.019108280254777100,2.428571428571430000,9.450074199703200000,2.774677652981270000
635(mW/m2/nm),0.000917431192660551,0.025477707006369400,2.047619047619050000,9.376722493110030000,2.735259895994110000
636(mW/m2/nm),0.002752293577981650,0.019108280254777100,1.714285714285710000,9.312274750901000000,2.699641440885240000
637(mW/m2/nm),0.002752293577981650,0.006369426751592360,1.428571428571430000,9.269450922196310000,2.657611663856770000
638(mW/m2/nm),0.000917431192660551,0.000000000000000000,1.190476190476190000,9.205427178291290000,2.617244081400040000
639(mW/m2/nm),0.000000000000000000,0.000000000000000000,1.000000000000000000,9.139707441170240000,2.577588868045500000
640(mW/m2/nm),0.000000000000000000,0.000000000000000000,0.857142857142857000,9.057027771888910000,2.549569016693180000
641(mW/m2/nm),0.000000000000000000,0.000000000000000000,0.714285714285714000,8.987068051727790000,2.499228266805970000
642(mW/m2/nm),0.000000000000000000,0.000000000000000000,0.571428571428571000,8.914988340046640000,2.458385771614470000
643(mW/m2/nm),0.000000000000000000,0.000000000000000000,0.523809523809524000,8.838668645325420000,2.422054947403410000
644(mW/m2/nm),0.000000000000000000,0.000000000000000000,0.428571428571428000,8.750052999788000000,2.380737539477120000
645(mW/m2/nm),0.000917431192660551,0.006369426751592360,0.380952380952381000,8.662285350858600000,2.335145916937760000
646(mW/m2/nm),0.002752293577981650,0.012738853503184700,0.333333333333333000,8.581725673097310000,2.300239830931070000
647(mW/m2/nm),0.000000000000000000,0.012738853503184700,0.285714285714286000,8.508373966504130000,2.266283570393940000
648(mW/m2/nm),0.000000000000000000,0.012738853503184700,0.238095238095238000,8.400678397286410000,2.221641773324150000
649(mW/m2/nm),0.000000000000000000,0.006369426751592360,0.190476190476190000,8.311214755140980000,2.182698929071780000
650(mW/m2/nm),0.000000000000000000,0.006369426751592360,0.190476190476190000,8.228535085859660000,2.140906608410700000
651(mW/m2/nm),0.000000000000000000,0.000000000000000000,0.142857142857143000,8.125079499682000000,2.108612542445330000
652(mW/m2/nm),0.000000000000000000,0.000000000000000000,0.142857142857143000,8.034343862624550000,2.069669698192960000
653(mW/m2/nm),0.000000000000000000,0.006369426751592360,0.142857142857143000,7.954632181471280000,2.028352290266660000
654(mW/m2/nm),0.000000000000000000,0.012738853503184700,0.142857142857143000,7.836760652957390000,1.985610144136020000
655(mW/m2/nm),0.000917431192660551,0.012738853503184700,0.095238095238095200,7.731609073563710000,1.949991689027140000
656(mW/m2/nm),0.002752293577981650,0.012738853503184700,0.095238095238095200,7.650201399194400000,1.912711039346520000
657(mW/m2/nm),0.000000000000000000,0.012738853503184700,0.095238095238095200,7.542505829976680000,1.874955476931110000
658(mW/m2/nm),0.000000000000000000,0.006369426751592360,0.047619047619047600,7.443290226839090000,1.839337021822240000
659(mW/m2/nm),0.000000000000000000,0.000000000000000000,0.047619047619047600,7.341954632181470000,1.799681808467690000
660(mW/m2/nm),0.000000000000000000,0.000000000000000000,0.047619047619047600,7.257154971380120000,1.761688789684900000
661(mW/m2/nm),0.000000000000000000,0.000000000000000000,0.047619047619047600,7.141403434386260000,1.732719112863010000
662(mW/m2/nm),0.000000000000000000,0.006369426751592360,0.047619047619047600,7.039643841424640000,1.695438463182390000
663(mW/m2/nm),0.000000000000000000,0.000000000000000000,0.047619047619047600,6.948908204367180000,1.663144397217010000
664(mW/m2/nm),0.000000000000000000,0.000000000000000000,0.047619047619047600,6.831884672461310000,1.624439009332040000
665(mW/m2/nm),0.000000000000000000,0.006369426751592360,0.000000000000000000,6.742421030315880000,1.599506090755820000
666(mW/m2/nm),0.000000000000000000,0.006369426751592360,0.000000000000000000,6.629637481450080000,1.563175266544770000
667(mW/m2/nm),0.000000000000000000,0.000000000000000000,0.000000000000000000,6.529149883400470000,1.533255764253320000
668(mW/m2/nm),0.000000000000000000,0.000000000000000000,0.000000000000000000,6.429086283654870000,1.495975114572700000
669(mW/m2/nm),0.000000000000000000,0.000000000000000000,0.000000000000000000,6.331566673733310000,1.468192719587780000
670(mW/m2/nm),0.000000000000000000,0.000000000000000000,0.000000000000000000,6.245071019715920000,1.438273217296320000
671(mW/m2/nm),0.000000000000000000,0.006369426751592360,0.000000000000000000,6.140767436930250000,1.406216607698340000
672(mW/m2/nm),0.000000000000000000,0.006369426751592360,0.000000000000000000,6.042823828704690000,1.377959299978630000
673(mW/m2/nm),0.000000000000000000,0.006369426751592360,0.000000000000000000,5.932584269662920000,1.346140146748030000
674(mW/m2/nm),0.000000000000000000,0.006369426751592360,0.000000000000000000,5.843544625821500000,1.320732315437040000
675(mW/m2/nm),0.000000000000000000,0.006369426751592360,0.047619047619047600,5.729913080347680000,1.290575356778190000
676(mW/m2/nm),0.000000000000000000,0.000000000000000000,0.000000000000000000,5.643841424634300000,1.257806378078030000
677(mW/m2/nm),0.000000000000000000,0.000000000000000000,0.000000000000000000,5.537841848632610000,1.227174506684400000
678(mW/m2/nm),0.000000000000000000,0.000000000000000000,0.000000000000000000,5.433538265846940000,1.202241588108190000
679(mW/m2/nm),0.000000000000000000,0.000000000000000000,0.000000000000000000,5.338562645749420000,1.174221736755870000
680(mW/m2/nm),0.000000000000000000,0.000000000000000000,0.000000000000000000,5.236379054483780000,1.150001187281840000
681(mW/m2/nm),0.000000000000000000,0.006369426751592360,0.000000000000000000,5.143523425906300000,1.126493006909980000
682(mW/m2/nm),0.000000000000000000,0.006369426751592360,0.000000000000000000,5.043883824464700000,1.098948068292450000
683(mW/m2/nm),0.000000000000000000,0.006369426751592360,0.000000000000000000,4.937036251854990000,1.073540236981450000
684(mW/m2/nm),0.000000000000000000,0.000000000000000000,0.000000000000000000,4.841636633453470000,1.047182580200890000
685(mW/m2/nm),0.000000000000000000,0.000000000000000000,0.000000000000000000,4.741149035403860000,1.024386768931210000
686(mW/m2/nm),0.000000000000000000,0.000000000000000000,0.000000000000000000,4.654653381386480000,1.001828414028920000
687(mW/m2/nm),0.000000000000000000,0.000000000000000000,0.000000000000000000,4.559253762984950000,0.977370408187496000
688(mW/m2/nm),0.000000000000000000,0.000000000000000000,0.000000000000000000,4.449438202247190000,0.953387315080854000
689(mW/m2/nm),0.000000000000000000,0.000000000000000000,0.000000000000000000,4.361670553317790000,0.931778785648137000
690(mW/m2/nm),0.000000000000000000,0.000000000000000000,0.000000000000000000,4.254398982404070000,0.905421128867571000
691(mW/m2/nm),0.000000000000000000,0.000000000000000000,0.000000000000000000,4.177655289378840000,0.885712250373994000
692(mW/m2/nm),0.000000000000000000,0.000000000000000000,0.000000000000000000,4.080559677761290000,0.865765915513025000
693(mW/m2/nm),0.000000000000000000,0.000000000000000000,0.000000000000000000,4.003815984736060000,0.844394842447700000
694(mW/m2/nm),0.000000000000000000,0.000000000000000000,0.000000000000000000,3.897816408734370000,0.824448507586731000
695(mW/m2/nm),0.000000000000000000,0.000000000000000000,0.000000000000000000,3.824464702141190000,0.805926910930117000
696(mW/m2/nm),0.000000000000000000,0.000000000000000000,0.000000000000000000,3.730337078651690000,0.782418730558260000
697(mW/m2/nm),0.000000000000000000,0.000000000000000000,0.000000000000000000,3.646385414458340000,0.767221523045141000
698(mW/m2/nm),0.000000000000000000,0.000000000000000000,0.000000000000000000,3.555649777400890000,0.745850449979816000
699(mW/m2/nm),0.000000000000000000,0.000000000000000000,0.000000000000000000,3.476786092855630000,0.723529551444922000
700(mW/m2/nm),0.000000000000000000,0.000000000000000000,0.000000000000000000,3.404706381174480000,0.706670149360055000
701(mW/m2/nm),0.000000000000000000,0.000000000000000000,0.000000000000000000,3.317362730549080000,0.687436183601263000
702(mW/m2/nm),0.000000000000000000,0.000000000000000000,0.000000000000000000,3.235531057875770000,0.671764063353359000
703(mW/m2/nm),0.000000000000000000,0.000000000000000000,0.000000000000000000,3.160059359762560000,0.650867903022820000
704(mW/m2/nm),0.000000000000000000,0.000000000000000000,0.000000000000000000,3.101547593809630000,0.635908151877093000
705(mW/m2/nm),0.000000000000000000,0.000000000000000000,0.000000000000000000,3.020563917744330000,0.618573837057441000
706(mW/m2/nm),0.000000000000000000,0.000000000000000000,0.000000000000000000,2.948908204367180000,0.605038824116069000
707(mW/m2/nm),0.000000000000000000,0.000000000000000000,0.000000000000000000,2.881916472334110000,0.581055731009427000
708(mW/m2/nm),0.000000000000000000,0.006369426751592360,0.000000000000000000,2.804324782700870000,0.569657825374588000
709(mW/m2/nm),0.000000000000000000,0.000000000000000000,0.000000000000000000,2.731821072715710000,0.553985705126683000
710(mW/m2/nm),0.000000000000000000,0.000000000000000000,0.000000000000000000,2.661013355946580000,0.539263410348349000
711(mW/m2/nm),0.000000000000000000,0.000000000000000000,0.000000000000000000,2.602077591689630000,0.524778571937407000
712(mW/m2/nm),0.000000000000000000,0.000000000000000000,0.000000000000000000,2.524061903752390000,0.514330491772137000
713(mW/m2/nm),0.000000000000000000,0.000000000000000000,0.000000000000000000,2.468094127623490000,0.497233633319877000
714(mW/m2/nm),0.000000000000000000,0.000000000000000000,0.000000000000000000,2.416790332838670000,0.481561513071973000
715(mW/m2/nm),0.000000000000000000,0.000000000000000000,0.000000000000000000,2.345982616069540000,0.467551587395816000
716(mW/m2/nm),0.000000000000000000,0.000000000000000000,0.000000000000000000,2.293830824676700000,0.454966399924014000
717(mW/m2/nm),0.000000000000000000,0.000000000000000000,0.000000000000000000,2.228959084163660000,0.443805950656567000
718(mW/m2/nm),0.000000000000000000,0.000000000000000000,0.000000000000000000,2.172991308034770000,0.432882957756512000
719(mW/m2/nm),0.000000000000000000,0.000000000000000000,0.000000000000000000,2.115751536993850000,0.417923206610785000
720(mW/m2/nm),0.000000000000000000,0.000000000000000000,0.000000000000000000,2.064871740513040000,0.407237670078123000
721(mW/m2/nm),0.000000000000000000,0.000000000000000000,0.000000000000000000,2.007631969472120000,0.397501959015031000
722(mW/m2/nm),0.000000000000000000,0.000000000000000000,0.000000000000000000,1.956328174687300000,0.385391684278014000
723(mW/m2/nm),0.000000000000000000,0.000000000000000000,0.000000000000000000,1.899936400254400000,0.376843255051884000
724(mW/m2/nm),0.000000000000000000,0.000000000000000000,0.000000000000000000,1.849904600381600000,0.367819913090970000
725(mW/m2/nm),0.001834862385321100,0.000000000000000000,0.000000000000000000,1.812168751324990000,0.355947094721345000
726(mW/m2/nm),0.000000000000000000,0.000000000000000000,0.000000000000000000,1.757048971804110000,0.345973927290860000
727(mW/m2/nm),0.000000000000000000,0.006369426751592360,0.000000000000000000,1.708713165147340000,0.336950585329946000
728(mW/m2/nm),0.000000000000000000,0.019108280254777100,0.000000000000000000,1.663769344922620000,0.327452330634246000
729(mW/m2/nm),0.000000000000000000,0.006369426751592360,0.000000000000000000,1.629425482298070000,0.318428988673331000
730(mW/m2/nm),0.000000000000000000,0.000000000000000000,0.000000000000000000,1.582785668857320000,0.309643103079809000
731(mW/m2/nm),0.000000000000000000,0.000000000000000000,0.000000000000000000,1.542081831672670000,0.298482653812362000
732(mW/m2/nm),0.000000000000000000,0.000000000000000000,0.000000000000000000,1.490778036887850000,0.293021157362335000
733(mW/m2/nm),0.000000000000000000,0.000000000000000000,0.000000000000000000,1.458978164087340000,0.286847291810130000
734(mW/m2/nm),0.000000000000000000,0.000000000000000000,0.000000000000000000,1.417426330294680000,0.274974473440505000
735(mW/m2/nm),0.000000000000000000,0.000000000000000000,0.000000000000000000,1.375450498198010000,0.268800607888301000
736(mW/m2/nm),0.000000000000000000,0.000000000000000000,0.000000000000000000,1.338138647445410000,0.262151829601311000
737(mW/m2/nm),0.000917431192660551,0.000000000000000000,0.000000000000000000,1.309730761076960000,0.258352527723031000
738(mW/m2/nm),0.001834862385321100,0.000000000000000000,0.000000000000000000,1.264786940852240000,0.249329185762116000
739(mW/m2/nm),0.003669724770642200,0.000000000000000000,0.000000000000000000,1.235531057875770000,0.240543300168594000
740(mW/m2/nm),0.005504587155963300,0.000000000000000000,0.000000000000000000,1.201611193555230000,0.233182152779427000
741(mW/m2/nm),0.002752293577981650,0.000000000000000000,0.000000000000000000,1.169811320754720000,0.227958112696792000
742(mW/m2/nm),0.000917431192660551,0.000000000000000000,0.000000000000000000,1.131651473394110000,0.222021703511980000
743(mW/m2/nm),0.003669724770642200,0.000000000000000000,0.000000000000000000,1.102819588721650000,0.215610381592382000
744(mW/m2/nm),0.001834862385321100,0.000000000000000000,0.000000000000000000,1.076531693873220000,0.208249234203215000
745(mW/m2/nm),0.000000000000000000,0.000000000000000000,0.000000000000000000,1.048971804112780000,0.202075368651010000
746(mW/m2/nm),0.000000000000000000,0.000000000000000000,0.000000000000000000,1.016747933008270000,0.196613872200983000
747(mW/m2/nm),0.000000000000000000,0.000000000000000000,0.000000000000000000,0.977316090735637000,0.191627288485741000
748(mW/m2/nm),0.000000000000000000,0.000000000000000000,0.000000000000000000,0.953572185711257000,0.189015268444423000
749(mW/m2/nm),0.000000000000000000,0.000000000000000000,0.000000000000000000,0.931948272206911000,0.184266141096574000
750(mW/m2/nm),0.000000000000000000,0.000000000000000000,0.000000000000000000,0.905660377358491000,0.177617362809584000
751(mW/m2/nm),0.000000000000000000,0.000000000000000000,0.000000000000000000,0.875556497774009000,0.171443497257379000
752(mW/m2/nm),0.000000000000000000,0.000000000000000000,0.000000000000000000,0.853084587661649000,0.166931826276922000
753(mW/m2/nm),0.000000000000000000,0.000000000000000000,0.000000000000000000,0.833156667373331000,0.163132524398642000
754(mW/m2/nm),0.000000000000000000,0.000000000000000000,0.000000000000000000,0.807716769132924000,0.157433571581222000
755(mW/m2/nm),0.000000000000000000,0.000000000000000000,0.000000000000000000,0.786516853932584000,0.155059007907297000
756(mW/m2/nm),0.000000000000000000,0.000000000000000000,0.000000000000000000,0.761076955692177000,0.152446987865980000
757(mW/m2/nm),0.000000000000000000,0.000000000000000000,0.000000000000000000,0.742845028619886000,0.145560753211597000
758(mW/m2/nm),0.000000000000000000,0.000000000000000000,0.000000000000000000,0.719525121899512000,0.140811625863748000
759(mW/m2/nm),0.000000000000000000,0.000000000000000000,0.000000000000000000,0.700021199915200000,0.138199605822430000
760(mW/m2/nm),0.000000000000000000,0.000000000000000000,0.000000000000000000,0.681789272842909000,0.137487236720253000
761(mW/m2/nm),0.000000000000000000,0.000000000000000000,0.000000000000000000,0.663133347466610000,0.132975565739795000
762(mW/m2/nm),0.000000000000000000,0.000000000000000000,0.000000000000000000,0.644477422090312000,0.126326787452806000
763(mW/m2/nm),0.000000000000000000,0.000000000000000000,0.000000000000000000,0.624125503497986000,0.123239854676703000
764(mW/m2/nm),0.000000000000000000,0.000000000000000000,0.000000000000000000,0.606741573033708000,0.121102747370171000
765(mW/m2/nm),0.000000000000000000,0.000000000000000000,0.000000000000000000,0.594445622217511000,0.117303445491891000
766(mW/m2/nm),0.000000000000000000,0.000000000000000000,0.000000000000000000,0.574941700233199000,0.114928881817966000
767(mW/m2/nm),0.000000000000000000,0.000000000000000000,0.000000000000000000,0.559677761288955000,0.111604492674471000
768(mW/m2/nm),0.000000000000000000,0.000000000000000000,0.000000000000000000,0.540173839304643000,0.104955714387481000
769(mW/m2/nm),0.000000000000000000,0.000000000000000000,0.000000000000000000,0.532117871528514000,0.104718258020089000
770(mW/m2/nm),0.000000000000000000,0.000000000000000000,0.000000000000000000,0.509645961416154000,0.101631325243986000
771(mW/m2/nm),0.000000000000000000,0.000000000000000000,0.000000000000000000,0.497774008903964000,0.099256761570061500
772(mW/m2/nm),0.000000000000000000,0.000000000000000000,0.000000000000000000,0.487598049607802000,0.095220003324389100
773(mW/m2/nm),0.000000000000000000,0.000000000000000000,0.000000000000000000,0.468942124231503000,0.092370526915679200
774(mW/m2/nm),0.000000000000000000,0.000000000000000000,0.000000000000000000,0.452406190375239000,0.091183245078716800
775(mW/m2/nm),0.000000000000000000,0.000000000000000000,0.000000000000000000,0.439686241255035000,0.089995963241754400
776(mW/m2/nm),0.000000000000000000,0.000000000000000000,0.000000000000000000,0.429086283654865000,0.084297010424334500
777(mW/m2/nm),0.000000000000000000,0.000000000000000000,0.000000000000000000,0.415942336230655000,0.084771923159119500
778(mW/m2/nm),0.000000000000000000,0.000000000000000000,0.000000000000000000,0.404070383718465000,0.083347184954764600
779(mW/m2/nm),0.000000000000000000,0.000000000000000000,0.000000000000000000,0.392198431206275000,0.082397359485194600
780(mW/m2/nm),0.000000000000000000,0.000000000000000000,0.000000000000000000,0.381174475302099000,0.081922446750409600
